{
  "Workflows": [
    {
      "Path": null,
      "SortBy": 0,
      "VariablesSectionElementsOrder": [],
      "ArgumentsSectionElementsOrder": null,
      "ConstantsSectionElementsOrder": [],
      "AddedNamespaces": null
    },
    {
      "Path": "Main.xaml",
      "SortBy": 0,
      "VariablesSectionElementsOrder": [
        "jRseponseFolderID&Sequence_44",
        "jRseponseFolderID&Sequence_1",
        "StatusCodeFolderID&Sequence_1",
        "jObjectFolderID&Sequence_1",
        "valueArrayFolderID&Sequence_1",
        "jResponseAccessToken&Sequence_1",
        "StatusCodeAccessToken&Sequence_1",
        "jObjectAccessToken&Sequence_1",
        "WorkItemsDetails&Sequence_1",
        "userName&Sequence_1",
        "password&Sequence_1",
        "acmeLoginURL&Sequence_1",
        "acmeWorkItemsURL&Sequence_1",
        "StatusCode&Sequence_1",
        "JResponseVar&Sequence_1",
        "JObjectResponseVar&Sequence_1",
        "valueArray&Sequence_1",
        "ReleaseKey&Sequence_1",
        "jsonResponse&Sequence_1",
        "valueArrayRobotID&Sequence_1",
        "JObjectResponseVarRobotID&Sequence_1",
        "JResponseVarRobotID&Sequence_1",
        "StatusCodeRobotID&Sequence_1",
        "RobotID&Sequence_1",
        "StatusCodeStartJob&Sequence_1",
        "jResponseStartJob&Sequence_1",
        "State&Sequence_1",
        "jObjectStratJob&Sequence_1",
        "valueArrayStartJob&Sequence_1",
        "FolderID&Sequence_1",
        "AccessToken&Sequence_1",
        "StatusCodeStartJob&Sequence_42"
      ],
      "ArgumentsSectionElementsOrder": [],
      "ConstantsSectionElementsOrder": [],
      "AddedNamespaces": null
    }
  ]
}